Workbook

Sheet Model
B2: ArduVCU Digital Twin — lead-acid discharge & pacing model
B3: Greenpower F24 · 24 V (2 × 12 V SLA in series) · built Oct 2026, replaces an earlier static illustration with a real, auditable model
B7: What this model does
B8: Predicts pack terminal voltage over a race from Peukert's law and internal-resistance sag, and checks the 0.05 V/min pacing budget that the ArduVCU firmware enforces (Limp Mode at 21.0 V). Edit any input in blue — every output and the whole Discharge sheet recompute live.
B11: Battery & race parameters (editable) | J11: Race prediction
B12: Capacity at 20h rate, C (Ah) | D12: 20 | J12: Peukert runtime t_run (min) | L12: =Model!D14*(Model!D12/(Model!D15*Model!D14))^Model!D13*60 -> 95.896412
B13: Peukert exponent, k | D13: 1.15 | J13: Terminal voltage at start (V) | L13: =Model!D17-Model!D15*Model!D16 -> 24.32
B14: Rating period, H (h) | D14: 20 | J14: Time to Limp Mode (min) | L14: =IF((Model!D19-Model!D18+Model!D15*Model!D16)<=0,"never",Model!L12*(1-(Model!D19-Model!D18+Model!D15*Model!D16)/(Model!D17-Model!D18))) -> 93.640026
B15: Average current draw, I (A) | D15: 9 | J15: Average discharge gradient (V/min) | L15: =IF(Model!L14="never",(Model!L13-(Model!D18-Model!D15*Model!D16))/Model!L12,(Model!L13-Model!D19)/Model!L14) -> 0.035454924
B16: Pack internal resistance, R (ohm) | D16: 0.12 | J16: Verdict | L16: =IF(AND(Model!L14<>"never",Model!L14<Model!D21),"LIMP at "&TEXT(Model!L14,"0.0")&" min — reduce current to "&TEXT(Model!D12/(Model!D14*POWER(Model!D21/60/Model!D14,1/Model!D13)),"0.0")&" A",IF(Model!L12<Model!D21,"FLAT — pack empties at "&TEXT(Model!L12,"0.0")&" min, before the "&TEXT(Model!D21,"0")&"-min finish","FINISHES — on pace")) -> FINISHES — on pace
B17: Open-circuit voltage, full (V) | D17: 25.4
B18: Open-circuit voltage, empty (V) | D18: 22
B19: Limp threshold (V) | D19: 21 | J19: Model sanity checks (live)
B20: Pacing budget (V/min) | D20: 0.05 | J20: Check | K20: Actual | L20: Expected | M20: Tolerance | N20: Status | O20: Detail
B21: Race duration (min) | D21: 90 | J21: Peukert self-check: runtime at C/H equals H | K21: =Model!D14*(Model!D12/((Model!D12/Model!D14)*Model!D14))^Model!D13*60 -> 1200 | L21: =Model!D14*60 -> 1200 | M21: 0.01 | N21: =IF(ABS(Model!K21-Model!L21)<=Model!M21,"PASS","FAIL") -> PASS
J22: t_limp <= t_run (Limp before empty) | K22: =IF(Model!L14="never",0,MAX(0,Model!L14-Model!L12)) -> 0 | L22: 0 | M22: 0.001 | N22: =IF(ABS(Model!K22-Model!L22)<=Model!M22,"PASS","FAIL") -> PASS
J23: V at t=90 min matches Model sheet | K23: =Discharge!G98 -> 21.129057 | L23: =Model!D18+(Model!D17-Model!D18)*MAX(0,1-90/Model!L12)-Model!D15*Model!D16 -> 21.129057 | M23: 0.001 | N23: =IF(ABS(Model!K23-Model!L23)<=Model!M23,"PASS","FAIL") -> PASS
J26: Model assumptions (first-order, deliberate): linear open-circuit voltage vs SOC; constant internal resistance; constant average current; no temperature, ageing or surface-charge effects. If I·R < 1 V, the terminal voltage never reaches 21 V: t_limp reports 'never' and the binding limit becomes Peukert runtime (verdict: FLAT if the pack empties before the finish). Every simplification is disclosed — the model is a pacing tool, not a cell datasheet. Interactive browser version: prestonforge.github.io/digital-twin.html. Part of github.com/prestonforge/ArduVCU.

Sheet Discharge
B2: Discharge curve — t = 0…120 min, 1-minute steps
B3: Chart source: plot Terminal V and Budget line vs t. Limp Mode engages when Terminal V <= 21.0 V.
B7: t (min) | C7: I (A) | D7: Ah drawn | E7: SOC | F7: OCV (V) | G7: Terminal V | H7: dV/dt (V/min) | I7: Budget line (V) | J7: State
B8: 0 | C8: =Model!D15 -> 9 | D8: =Discharge!C8*Discharge!B8/60 -> 0 | E8: =MAX(0,1-Discharge!B8/Model!L12) -> 1 | F8: =Model!D18+(Model!D17-Model!D18)*Discharge!E8 -> 25.4 | G8: =Discharge!F8-Discharge!C8*Model!D16 -> 24.32 | H8: 0 | I8: =Model!L13-Model!D20*Discharge!B8 -> 24.32 | J8: =IF(Discharge!B8>Model!L12,"EMPTY",IF(Discharge!G8<=Model!D19,"LIMP","NOMINAL")) -> NOMINAL
B9: 1 | C9: =Model!D15 -> 9 | D9: =Discharge!C9*Discharge!B9/60 -> 0.15 | E9: =MAX(0,1-Discharge!B9/Model!L12) -> 0.98957208 | F9: =Model!D18+(Model!D17-Model!D18)*Discharge!E9 -> 25.364545 | G9: =Discharge!F9-Discharge!C9*Model!D16 -> 24.284545 | H9: =Discharge!G9-Discharge!G8 -> -0.035454924 | I9: =Model!L13-Model!D20*Discharge!B9 -> 24.27 | J9: =IF(Discharge!B9>Model!L12,"EMPTY",IF(Discharge!G9<=Model!D19,"LIMP","NOMINAL")) -> NOMINAL
B10: 2 | C10: =Model!D15 -> 9 | D10: =Discharge!C10*Discharge!B10/60 -> 0.3 | E10: =MAX(0,1-Discharge!B10/Model!L12) -> 0.97914416 | F10: =Model!D18+(Model!D17-Model!D18)*Discharge!E10 -> 25.32909 | G10: =Discharge!F10-Discharge!C10*Model!D16 -> 24.24909 | H10: =Discharge!G10-Discharge!G9 -> -0.035454924 | I10: =Model!L13-Model!D20*Discharge!B10 -> 24.22 | J10: =IF(Discharge!B10>Model!L12,"EMPTY",IF(Discharge!G10<=Model!D19,"LIMP","NOMINAL")) -> NOMINAL
B11: 3 | C11: =Model!D15 -> 9 | D11: =Discharge!C11*Discharge!B11/60 -> 0.45 | E11: =MAX(0,1-Discharge!B11/Model!L12) -> 0.96871624 | F11: =Model!D18+(Model!D17-Model!D18)*Discharge!E11 -> 25.293635 | G11: =Discharge!F11-Discharge!C11*Model!D16 -> 24.213635 | H11: =Discharge!G11-Discharge!G10 -> -0.035454924 | I11: =Model!L13-Model!D20*Discharge!B11 -> 24.17 | J11: =IF(Discharge!B11>Model!L12,"EMPTY",IF(Discharge!G11<=Model!D19,"LIMP","NOMINAL")) -> NOMINAL
B12: 4 | C12: =Model!D15 -> 9 | D12: =Discharge!C12*Discharge!B12/60 -> 0.6 | E12: =MAX(0,1-Discharge!B12/Model!L12) -> 0.95828832 | F12: =Model!D18+(Model!D17-Model!D18)*Discharge!E12 -> 25.25818 | G12: =Discharge!F12-Discharge!C12*Model!D16 -> 24.17818 | H12: =Discharge!G12-Discharge!G11 -> -0.035454924 | I12: =Model!L13-Model!D20*Discharge!B12 -> 24.12 | J12: =IF(Discharge!B12>Model!L12,"EMPTY",IF(Discharge!G12<=Model!D19,"LIMP","NOMINAL")) -> NOMINAL
B13: 5 | C13: =Model!D15 -> 9 | D13: =Discharge!C13*Discharge!B13/60 -> 0.75 | E13: =MAX(0,1-Discharge!B13/Model!L12) -> 0.94786041 | F13: =Model!D18+(Model!D17-Model!D18)*Discharge!E13 -> 25.222725 | G13: =Discharge!F13-Discharge!C13*Model!D16 -> 24.142725 | H13: =Discharge!G13-Discharge!G12 -> -0.035454924 | I13: =Model!L13-Model!D20*Discharge!B13 -> 24.07 | J13: =IF(Discharge!B13>Model!L12,"EMPTY",IF(Discharge!G13<=Model!D19,"LIMP","NOMINAL")) -> NOMINAL
B14: 6 | C14: =Model!D15 -> 9 | D14: =Discharge!C14*Discharge!B14/60 -> 0.9 | E14: =MAX(0,1-Discharge!B14/Model!L12) -> 0.93743249 | F14: =Model!D18+(Model!D17-Model!D18)*Discharge!E14 -> 25.18727 | G14: =Discharge!F14-Discharge!C14*Model!D16 -> 24.10727 | H14: =Discharge!G14-Discharge!G13 -> -0.035454924 | I14: =Model!L13-Model!D20*Discharge!B14 -> 24.02 | J14: =IF(Discharge!B14>Model!L12,"EMPTY",IF(Discharge!G14<=Model!D19,"LIMP","NOMINAL")) -> NOMINAL
B15: 7 | C15: =Model!D15 -> 9 | D15: =Discharge!C15*Discharge!B15/60 -> 1.05 | E15: =MAX(0,1-Discharge!B15/Model!L12) -> 0.92700457 | F15: =Model!D18+(Model!D17-Model!D18)*Discharge!E15 -> 25.151816 | G15: =Discharge!F15-Discharge!C15*Model!D16 -> 24.071816 | H15: =Discharge!G15-Discharge!G14 -> -0.035454924 | I15: =Model!L13-Model!D20*Discharge!B15 -> 23.97 | J15: =IF(Discharge!B15>Model!L12,"EMPTY",IF(Discharge!G15<=Model!D19,"LIMP","NOMINAL")) -> NOMINAL
B16: 8 | C16: =Model!D15 -> 9 | D16: =Discharge!C16*Discharge!B16/60 -> 1.2 | E16: =MAX(0,1-Discharge!B16/Model!L12) -> 0.91657665 | F16: =Model!D18+(Model!D17-Model!D18)*Discharge!E16 -> 25.116361 | G16: =Discharge!F16-Discharge!C16*Model!D16 -> 24.036361 | H16: =Discharge!G16-Discharge!G15 -> -0.035454924 | I16: =Model!L13-Model!D20*Discharge!B16 -> 23.92 | J16: =IF(Discharge!B16>Model!L12,"EMPTY",IF(Discharge!G16<=Model!D19,"LIMP","NOMINAL")) -> NOMINAL
B17: 9 | C17: =Model!D15 -> 9 | D17: =Discharge!C17*Discharge!B17/60 -> 1.35 | E17: =MAX(0,1-Discharge!B17/Model!L12) -> 0.90614873 | F17: =Model!D18+(Model!D17-Model!D18)*Discharge!E17 -> 25.080906 | G17: =Discharge!F17-Discharge!C17*Model!D16 -> 24.000906 | H17: =Discharge!G17-Discharge!G16 -> -0.035454924 | I17: =Model!L13-Model!D20*Discharge!B17 -> 23.87 | J17: =IF(Discharge!B17>Model!L12,"EMPTY",IF(Discharge!G17<=Model!D19,"LIMP","NOMINAL")) -> NOMINAL
B18: 10 | C18: =Model!D15 -> 9 | D18: =Discharge!C18*Discharge!B18/60 -> 1.5 | E18: =MAX(0,1-Discharge!B18/Model!L12) -> 0.89572081 | F18: =Model!D18+(Model!D17-Model!D18)*Discharge!E18 -> 25.045451 | G18: =Discharge!F18-Discharge!C18*Model!D16 -> 23.965451 | H18: =Discharge!G18-Discharge!G17 -> -0.035454924 | I18: =Model!L13-Model!D20*Discharge!B18 -> 23.82 | J18: =IF(Discharge!B18>Model!L12,"EMPTY",IF(Discharge!G18<=Model!D19,"LIMP","NOMINAL")) -> NOMINAL
B19: 11 | C19: =Model!D15 -> 9 | D19: =Discharge!C19*Discharge!B19/60 -> 1.65 | E19: =MAX(0,1-Discharge!B19/Model!L12) -> 0.88529289 | F19: =Model!D18+(Model!D17-Model!D18)*Discharge!E19 -> 25.009996 | G19: =Discharge!F19-Discharge!C19*Model!D16 -> 23.929996 | H19: =Discharge!G19-Discharge!G18 -> -0.035454924 | I19: =Model!L13-Model!D20*Discharge!B19 -> 23.77 | J19: =IF(Discharge!B19>Model!L12,"EMPTY",IF(Discharge!G19<=Model!D19,"LIMP","NOMINAL")) -> NOMINAL
B20: 12 | C20: =Model!D15 -> 9 | D20: =Discharge!C20*Discharge!B20/60 -> 1.8 | E20: =MAX(0,1-Discharge!B20/Model!L12) -> 0.87486497 | F20: =Model!D18+(Model!D17-Model!D18)*Discharge!E20 -> 24.974541 | G20: =Discharge!F20-Discharge!C20*Model!D16 -> 23.894541 | H20: =Discharge!G20-Discharge!G19 -> -0.035454924 | I20: =Model!L13-Model!D20*Discharge!B20 -> 23.72 | J20: =IF(Discharge!B20>Model!L12,"EMPTY",IF(Discharge!G20<=Model!D19,"LIMP","NOMINAL")) -> NOMINAL
B21: 13 | C21: =Model!D15 -> 9 | D21: =Discharge!C21*Discharge!B21/60 -> 1.95 | E21: =MAX(0,1-Discharge!B21/Model!L12) -> 0.86443706 | F21: =Model!D18+(Model!D17-Model!D18)*Discharge!E21 -> 24.939086 | G21: =Discharge!F21-Discharge!C21*Model!D16 -> 23.859086 | H21: =Discharge!G21-Discharge!G20 -> -0.035454924 | I21: =Model!L13-Model!D20*Discharge!B21 -> 23.67 | J21: =IF(Discharge!B21>Model!L12,"EMPTY",IF(Discharge!G21<=Model!D19,"LIMP","NOMINAL")) -> NOMINAL
B22: 14 | C22: =Model!D15 -> 9 | D22: =Discharge!C22*Discharge!B22/60 -> 2.1 | E22: =MAX(0,1-Discharge!B22/Model!L12) -> 0.85400914 | F22: =Model!D18+(Model!D17-Model!D18)*Discharge!E22 -> 24.903631 | G22: =Discharge!F22-Discharge!C22*Model!D16 -> 23.823631 | H22: =Discharge!G22-Discharge!G21 -> -0.035454924 | I22: =Model!L13-Model!D20*Discharge!B22 -> 23.62 | J22: =IF(Discharge!B22>Model!L12,"EMPTY",IF(Discharge!G22<=Model!D19,"LIMP","NOMINAL")) -> NOMINAL
B23: 15 | C23: =Model!D15 -> 9 | D23: =Discharge!C23*Discharge!B23/60 -> 2.25 | E23: =MAX(0,1-Discharge!B23/Model!L12) -> 0.84358122 | F23: =Model!D18+(Model!D17-Model!D18)*Discharge!E23 -> 24.868176 | G23: =Discharge!F23-Discharge!C23*Model!D16 -> 23.788176 | H23: =Discharge!G23-Discharge!G22 -> -0.035454924 | I23: =Model!L13-Model!D20*Discharge!B23 -> 23.57 | J23: =IF(Discharge!B23>Model!L12,"EMPTY",IF(Discharge!G23<=Model!D19,"LIMP","NOMINAL")) -> NOMINAL
B24: 16 | C24: =Model!D15 -> 9 | D24: =Discharge!C24*Discharge!B24/60 -> 2.4 | E24: =MAX(0,1-Discharge!B24/Model!L12) -> 0.8331533 | F24: =Model!D18+(Model!D17-Model!D18)*Discharge!E24 -> 24.832721 | G24: =Discharge!F24-Discharge!C24*Model!D16 -> 23.752721 | H24: =Discharge!G24-Discharge!G23 -> -0.035454924 | I24: =Model!L13-Model!D20*Discharge!B24 -> 23.52 | J24: =IF(Discharge!B24>Model!L12,"EMPTY",IF(Discharge!G24<=Model!D19,"LIMP","NOMINAL")) -> NOMINAL
B25: 17 | C25: =Model!D15 -> 9 | D25: =Discharge!C25*Discharge!B25/60 -> 2.55 | E25: =MAX(0,1-Discharge!B25/Model!L12) -> 0.82272538 | F25: =Model!D18+(Model!D17-Model!D18)*Discharge!E25 -> 24.797266 | G25: =Discharge!F25-Discharge!C25*Model!D16 -> 23.717266 | H25: =Discharge!G25-Discharge!G24 -> -0.035454924 | I25: =Model!L13-Model!D20*Discharge!B25 -> 23.47 | J25: =IF(Discharge!B25>Model!L12,"EMPTY",IF(Discharge!G25<=Model!D19,"LIMP","NOMINAL")) -> NOMINAL
B26: 18 | C26: =Model!D15 -> 9 | D26: =Discharge!C26*Discharge!B26/60 -> 2.7 | E26: =MAX(0,1-Discharge!B26/Model!L12) -> 0.81229746 | F26: =Model!D18+(Model!D17-Model!D18)*Discharge!E26 -> 24.761811 | G26: =Discharge!F26-Discharge!C26*Model!D16 -> 23.681811 | H26: =Discharge!G26-Discharge!G25 -> -0.035454924 | I26: =Model!L13-Model!D20*Discharge!B26 -> 23.42 | J26: =IF(Discharge!B26>Model!L12,"EMPTY",IF(Discharge!G26<=Model!D19,"LIMP","NOMINAL")) -> NOMINAL
B27: 19 | C27: =Model!D15 -> 9 | D27: =Discharge!C27*Discharge!B27/60 -> 2.85 | E27: =MAX(0,1-Discharge!B27/Model!L12) -> 0.80186954 | F27: =Model!D18+(Model!D17-Model!D18)*Discharge!E27 -> 24.726356 | G27: =Discharge!F27-Discharge!C27*Model!D16 -> 23.646356 | H27: =Discharge!G27-Discharge!G26 -> -0.035454924 | I27: =Model!L13-Model!D20*Discharge!B27 -> 23.37 | J27: =IF(Discharge!B27>Model!L12,"EMPTY",IF(Discharge!G27<=Model!D19,"LIMP","NOMINAL")) -> NOMINAL
B28: 20 | C28: =Model!D15 -> 9 | D28: =Discharge!C28*Discharge!B28/60 -> 3 | E28: =MAX(0,1-Discharge!B28/Model!L12) -> 0.79144162 | F28: =Model!D18+(Model!D17-Model!D18)*Discharge!E28 -> 24.690902 | G28: =Discharge!F28-Discharge!C28*Model!D16 -> 23.610902 | H28: =Discharge!G28-Discharge!G27 -> -0.035454924 | I28: =Model!L13-Model!D20*Discharge!B28 -> 23.32 | J28: =IF(Discharge!B28>Model!L12,"EMPTY",IF(Discharge!G28<=Model!D19,"LIMP","NOMINAL")) -> NOMINAL
B29: 21 | C29: =Model!D15 -> 9 | D29: =Discharge!C29*Discharge!B29/60 -> 3.15 | E29: =MAX(0,1-Discharge!B29/Model!L12) -> 0.78101371 | F29: =Model!D18+(Model!D17-Model!D18)*Discharge!E29 -> 24.655447 | G29: =Discharge!F29-Discharge!C29*Model!D16 -> 23.575447 | H29: =Discharge!G29-Discharge!G28 -> -0.035454924 | I29: =Model!L13-Model!D20*Discharge!B29 -> 23.27 | J29: =IF(Discharge!B29>Model!L12,"EMPTY",IF(Discharge!G29<=Model!D19,"LIMP","NOMINAL")) -> NOMINAL
B30: 22 | C30: =Model!D15 -> 9 | D30: =Discharge!C30*Discharge!B30/60 -> 3.3 | E30: =MAX(0,1-Discharge!B30/Model!L12) -> 0.77058579 | F30: =Model!D18+(Model!D17-Model!D18)*Discharge!E30 -> 24.619992 | G30: =Discharge!F30-Discharge!C30*Model!D16 -> 23.539992 | H30: =Discharge!G30-Discharge!G29 -> -0.035454924 | I30: =Model!L13-Model!D20*Discharge!B30 -> 23.22 | J30: =IF(Discharge!B30>Model!L12,"EMPTY",IF(Discharge!G30<=Model!D19,"LIMP","NOMINAL")) -> NOMINAL
B31: 23 | C31: =Model!D15 -> 9 | D31: =Discharge!C31*Discharge!B31/60 -> 3.45 | E31: =MAX(0,1-Discharge!B31/Model!L12) -> 0.76015787 | F31: =Model!D18+(Model!D17-Model!D18)*Discharge!E31 -> 24.584537 | G31: =Discharge!F31-Discharge!C31*Model!D16 -> 23.504537 | H31: =Discharge!G31-Discharge!G30 -> -0.035454924 | I31: =Model!L13-Model!D20*Discharge!B31 -> 23.17 | J31: =IF(Discharge!B31>Model!L12,"EMPTY",IF(Discharge!G31<=Model!D19,"LIMP","NOMINAL")) -> NOMINAL
B32: 24 | C32: =Model!D15 -> 9 | D32: =Discharge!C32*Discharge!B32/60 -> 3.6 | E32: =MAX(0,1-Discharge!B32/Model!L12) -> 0.74972995 | F32: =Model!D18+(Model!D17-Model!D18)*Discharge!E32 -> 24.549082 | G32: =Discharge!F32-Discharge!C32*Model!D16 -> 23.469082 | H32: =Discharge!G32-Discharge!G31 -> -0.035454924 | I32: =Model!L13-Model!D20*Discharge!B32 -> 23.12 | J32: =IF(Discharge!B32>Model!L12,"EMPTY",IF(Discharge!G32<=Model!D19,"LIMP","NOMINAL")) -> NOMINAL
B33: 25 | C33: =Model!D15 -> 9 | D33: =Discharge!C33*Discharge!B33/60 -> 3.75 | E33: =MAX(0,1-Discharge!B33/Model!L12) -> 0.73930203 | F33: =Model!D18+(Model!D17-Model!D18)*Discharge!E33 -> 24.513627 | G33: =Discharge!F33-Discharge!C33*Model!D16 -> 23.433627 | H33: =Discharge!G33-Discharge!G32 -> -0.035454924 | I33: =Model!L13-Model!D20*Discharge!B33 -> 23.07 | J33: =IF(Discharge!B33>Model!L12,"EMPTY",IF(Discharge!G33<=Model!D19,"LIMP","NOMINAL")) -> NOMINAL
B34: 26 | C34: =Model!D15 -> 9 | D34: =Discharge!C34*Discharge!B34/60 -> 3.9 | E34: =MAX(0,1-Discharge!B34/Model!L12) -> 0.72887411 | F34: =Model!D18+(Model!D17-Model!D18)*Discharge!E34 -> 24.478172 | G34: =Discharge!F34-Discharge!C34*Model!D16 -> 23.398172 | H34: =Discharge!G34-Discharge!G33 -> -0.035454924 | I34: =Model!L13-Model!D20*Discharge!B34 -> 23.02 | J34: =IF(Discharge!B34>Model!L12,"EMPTY",IF(Discharge!G34<=Model!D19,"LIMP","NOMINAL")) -> NOMINAL
B35: 27 | C35: =Model!D15 -> 9 | D35: =Discharge!C35*Discharge!B35/60 -> 4.05 | E35: =MAX(0,1-Discharge!B35/Model!L12) -> 0.71844619 | F35: =Model!D18+(Model!D17-Model!D18)*Discharge!E35 -> 24.442717 | G35: =Discharge!F35-Discharge!C35*Model!D16 -> 23.362717 | H35: =Discharge!G35-Discharge!G34 -> -0.035454924 | I35: =Model!L13-Model!D20*Discharge!B35 -> 22.97 | J35: =IF(Discharge!B35>Model!L12,"EMPTY",IF(Discharge!G35<=Model!D19,"LIMP","NOMINAL")) -> NOMINAL
B36: 28 | C36: =Model!D15 -> 9 | D36: =Discharge!C36*Discharge!B36/60 -> 4.2 | E36: =MAX(0,1-Discharge!B36/Model!L12) -> 0.70801827 | F36: =Model!D18+(Model!D17-Model!D18)*Discharge!E36 -> 24.407262 | G36: =Discharge!F36-Discharge!C36*Model!D16 -> 23.327262 | H36: =Discharge!G36-Discharge!G35 -> -0.035454924 | I36: =Model!L13-Model!D20*Discharge!B36 -> 22.92 | J36: =IF(Discharge!B36>Model!L12,"EMPTY",IF(Discharge!G36<=Model!D19,"LIMP","NOMINAL")) -> NOMINAL
B37: 29 | C37: =Model!D15 -> 9 | D37: =Discharge!C37*Discharge!B37/60 -> 4.35 | E37: =MAX(0,1-Discharge!B37/Model!L12) -> 0.69759036 | F37: =Model!D18+(Model!D17-Model!D18)*Discharge!E37 -> 24.371807 | G37: =Discharge!F37-Discharge!C37*Model!D16 -> 23.291807 | H37: =Discharge!G37-Discharge!G36 -> -0.035454924 | I37: =Model!L13-Model!D20*Discharge!B37 -> 22.87 | J37: =IF(Discharge!B37>Model!L12,"EMPTY",IF(Discharge!G37<=Model!D19,"LIMP","NOMINAL")) -> NOMINAL
B38: 30 | C38: =Model!D15 -> 9 | D38: =Discharge!C38*Discharge!B38/60 -> 4.5 | E38: =MAX(0,1-Discharge!B38/Model!L12) -> 0.68716244 | F38: =Model!D18+(Model!D17-Model!D18)*Discharge!E38 -> 24.336352 | G38: =Discharge!F38-Discharge!C38*Model!D16 -> 23.256352 | H38: =Discharge!G38-Discharge!G37 -> -0.035454924 | I38: =Model!L13-Model!D20*Discharge!B38 -> 22.82 | J38: =IF(Discharge!B38>Model!L12,"EMPTY",IF(Discharge!G38<=Model!D19,"LIMP","NOMINAL")) -> NOMINAL
B39: 31 | C39: =Model!D15 -> 9 | D39: =Discharge!C39*Discharge!B39/60 -> 4.65 | E39: =MAX(0,1-Discharge!B39/Model!L12) -> 0.67673452 | F39: =Model!D18+(Model!D17-Model!D18)*Discharge!E39 -> 24.300897 | G39: =Discharge!F39-Discharge!C39*Model!D16 -> 23.220897 | H39: =Discharge!G39-Discharge!G38 -> -0.035454924 | I39: =Model!L13-Model!D20*Discharge!B39 -> 22.77 | J39: =IF(Discharge!B39>Model!L12,"EMPTY",IF(Discharge!G39<=Model!D19,"LIMP","NOMINAL")) -> NOMINAL
B40: 32 | C40: =Model!D15 -> 9 | D40: =Discharge!C40*Discharge!B40/60 -> 4.8 | E40: =MAX(0,1-Discharge!B40/Model!L12) -> 0.6663066 | F40: =Model!D18+(Model!D17-Model!D18)*Discharge!E40 -> 24.265442 | G40: =Discharge!F40-Discharge!C40*Model!D16 -> 23.185442 | H40: =Discharge!G40-Discharge!G39 -> -0.035454924 | I40: =Model!L13-Model!D20*Discharge!B40 -> 22.72 | J40: =IF(Discharge!B40>Model!L12,"EMPTY",IF(Discharge!G40<=Model!D19,"LIMP","NOMINAL")) -> NOMINAL
B41: 33 | C41: =Model!D15 -> 9 | D41: =Discharge!C41*Discharge!B41/60 -> 4.95 | E41: =MAX(0,1-Discharge!B41/Model!L12) -> 0.65587868 | F41: =Model!D18+(Model!D17-Model!D18)*Discharge!E41 -> 24.229988 | G41: =Discharge!F41-Discharge!C41*Model!D16 -> 23.149988 | H41: =Discharge!G41-Discharge!G40 -> -0.035454924 | I41: =Model!L13-Model!D20*Discharge!B41 -> 22.67 | J41: =IF(Discharge!B41>Model!L12,"EMPTY",IF(Discharge!G41<=Model!D19,"LIMP","NOMINAL")) -> NOMINAL
B42: 34 | C42: =Model!D15 -> 9 | D42: =Discharge!C42*Discharge!B42/60 -> 5.1 | E42: =MAX(0,1-Discharge!B42/Model!L12) -> 0.64545076 | F42: =Model!D18+(Model!D17-Model!D18)*Discharge!E42 -> 24.194533 | G42: =Discharge!F42-Discharge!C42*Model!D16 -> 23.114533 | H42: =Discharge!G42-Discharge!G41 -> -0.035454924 | I42: =Model!L13-Model!D20*Discharge!B42 -> 22.62 | J42: =IF(Discharge!B42>Model!L12,"EMPTY",IF(Discharge!G42<=Model!D19,"LIMP","NOMINAL")) -> NOMINAL
B43: 35 | C43: =Model!D15 -> 9 | D43: =Discharge!C43*Discharge!B43/60 -> 5.25 | E43: =MAX(0,1-Discharge!B43/Model!L12) -> 0.63502284 | F43: =Model!D18+(Model!D17-Model!D18)*Discharge!E43 -> 24.159078 | G43: =Discharge!F43-Discharge!C43*Model!D16 -> 23.079078 | H43: =Discharge!G43-Discharge!G42 -> -0.035454924 | I43: =Model!L13-Model!D20*Discharge!B43 -> 22.57 | J43: =IF(Discharge!B43>Model!L12,"EMPTY",IF(Discharge!G43<=Model!D19,"LIMP","NOMINAL")) -> NOMINAL
B44: 36 | C44: =Model!D15 -> 9 | D44: =Discharge!C44*Discharge!B44/60 -> 5.4 | E44: =MAX(0,1-Discharge!B44/Model!L12) -> 0.62459492 | F44: =Model!D18+(Model!D17-Model!D18)*Discharge!E44 -> 24.123623 | G44: =Discharge!F44-Discharge!C44*Model!D16 -> 23.043623 | H44: =Discharge!G44-Discharge!G43 -> -0.035454924 | I44: =Model!L13-Model!D20*Discharge!B44 -> 22.52 | J44: =IF(Discharge!B44>Model!L12,"EMPTY",IF(Discharge!G44<=Model!D19,"LIMP","NOMINAL")) -> NOMINAL
B45: 37 | C45: =Model!D15 -> 9 | D45: =Discharge!C45*Discharge!B45/60 -> 5.55 | E45: =MAX(0,1-Discharge!B45/Model!L12) -> 0.61416701 | F45: =Model!D18+(Model!D17-Model!D18)*Discharge!E45 -> 24.088168 | G45: =Discharge!F45-Discharge!C45*Model!D16 -> 23.008168 | H45: =Discharge!G45-Discharge!G44 -> -0.035454924 | I45: =Model!L13-Model!D20*Discharge!B45 -> 22.47 | J45: =IF(Discharge!B45>Model!L12,"EMPTY",IF(Discharge!G45<=Model!D19,"LIMP","NOMINAL")) -> NOMINAL
B46: 38 | C46: =Model!D15 -> 9 | D46: =Discharge!C46*Discharge!B46/60 -> 5.7 | E46: =MAX(0,1-Discharge!B46/Model!L12) -> 0.60373909 | F46: =Model!D18+(Model!D17-Model!D18)*Discharge!E46 -> 24.052713 | G46: =Discharge!F46-Discharge!C46*Model!D16 -> 22.972713 | H46: =Discharge!G46-Discharge!G45 -> -0.035454924 | I46: =Model!L13-Model!D20*Discharge!B46 -> 22.42 | J46: =IF(Discharge!B46>Model!L12,"EMPTY",IF(Discharge!G46<=Model!D19,"LIMP","NOMINAL")) -> NOMINAL
B47: 39 | C47: =Model!D15 -> 9 | D47: =Discharge!C47*Discharge!B47/60 -> 5.85 | E47: =MAX(0,1-Discharge!B47/Model!L12) -> 0.59331117 | F47: =Model!D18+(Model!D17-Model!D18)*Discharge!E47 -> 24.017258 | G47: =Discharge!F47-Discharge!C47*Model!D16 -> 22.937258 | H47: =Discharge!G47-Discharge!G46 -> -0.035454924 | I47: =Model!L13-Model!D20*Discharge!B47 -> 22.37 | J47: =IF(Discharge!B47>Model!L12,"EMPTY",IF(Discharge!G47<=Model!D19,"LIMP","NOMINAL")) -> NOMINAL
B48: 40 | C48: =Model!D15 -> 9 | D48: =Discharge!C48*Discharge!B48/60 -> 6 | E48: =MAX(0,1-Discharge!B48/Model!L12) -> 0.58288325 | F48: =Model!D18+(Model!D17-Model!D18)*Discharge!E48 -> 23.981803 | G48: =Discharge!F48-Discharge!C48*Model!D16 -> 22.901803 | H48: =Discharge!G48-Discharge!G47 -> -0.035454924 | I48: =Model!L13-Model!D20*Discharge!B48 -> 22.32 | J48: =IF(Discharge!B48>Model!L12,"EMPTY",IF(Discharge!G48<=Model!D19,"LIMP","NOMINAL")) -> NOMINAL
B49: 41 | C49: =Model!D15 -> 9 | D49: =Discharge!C49*Discharge!B49/60 -> 6.15 | E49: =MAX(0,1-Discharge!B49/Model!L12) -> 0.57245533 | F49: =Model!D18+(Model!D17-Model!D18)*Discharge!E49 -> 23.946348 | G49: =Discharge!F49-Discharge!C49*Model!D16 -> 22.866348 | H49: =Discharge!G49-Discharge!G48 -> -0.035454924 | I49: =Model!L13-Model!D20*Discharge!B49 -> 22.27 | J49: =IF(Discharge!B49>Model!L12,"EMPTY",IF(Discharge!G49<=Model!D19,"LIMP","NOMINAL")) -> NOMINAL
B50: 42 | C50: =Model!D15 -> 9 | D50: =Discharge!C50*Discharge!B50/60 -> 6.3 | E50: =MAX(0,1-Discharge!B50/Model!L12) -> 0.56202741 | F50: =Model!D18+(Model!D17-Model!D18)*Discharge!E50 -> 23.910893 | G50: =Discharge!F50-Discharge!C50*Model!D16 -> 22.830893 | H50: =Discharge!G50-Discharge!G49 -> -0.035454924 | I50: =Model!L13-Model!D20*Discharge!B50 -> 22.22 | J50: =IF(Discharge!B50>Model!L12,"EMPTY",IF(Discharge!G50<=Model!D19,"LIMP","NOMINAL")) -> NOMINAL
B51: 43 | C51: =Model!D15 -> 9 | D51: =Discharge!C51*Discharge!B51/60 -> 6.45 | E51: =MAX(0,1-Discharge!B51/Model!L12) -> 0.55159949 | F51: =Model!D18+(Model!D17-Model!D18)*Discharge!E51 -> 23.875438 | G51: =Discharge!F51-Discharge!C51*Model!D16 -> 22.795438 | H51: =Discharge!G51-Discharge!G50 -> -0.035454924 | I51: =Model!L13-Model!D20*Discharge!B51 -> 22.17 | J51: =IF(Discharge!B51>Model!L12,"EMPTY",IF(Discharge!G51<=Model!D19,"LIMP","NOMINAL")) -> NOMINAL
B52: 44 | C52: =Model!D15 -> 9 | D52: =Discharge!C52*Discharge!B52/60 -> 6.6 | E52: =MAX(0,1-Discharge!B52/Model!L12) -> 0.54117157 | F52: =Model!D18+(Model!D17-Model!D18)*Discharge!E52 -> 23.839983 | G52: =Discharge!F52-Discharge!C52*Model!D16 -> 22.759983 | H52: =Discharge!G52-Discharge!G51 -> -0.035454924 | I52: =Model!L13-Model!D20*Discharge!B52 -> 22.12 | J52: =IF(Discharge!B52>Model!L12,"EMPTY",IF(Discharge!G52<=Model!D19,"LIMP","NOMINAL")) -> NOMINAL
B53: 45 | C53: =Model!D15 -> 9 | D53: =Discharge!C53*Discharge!B53/60 -> 6.75 | E53: =MAX(0,1-Discharge!B53/Model!L12) -> 0.53074366 | F53: =Model!D18+(Model!D17-Model!D18)*Discharge!E53 -> 23.804528 | G53: =Discharge!F53-Discharge!C53*Model!D16 -> 22.724528 | H53: =Discharge!G53-Discharge!G52 -> -0.035454924 | I53: =Model!L13-Model!D20*Discharge!B53 -> 22.07 | J53: =IF(Discharge!B53>Model!L12,"EMPTY",IF(Discharge!G53<=Model!D19,"LIMP","NOMINAL")) -> NOMINAL
B54: 46 | C54: =Model!D15 -> 9 | D54: =Discharge!C54*Discharge!B54/60 -> 6.9 | E54: =MAX(0,1-Discharge!B54/Model!L12) -> 0.52031574 | F54: =Model!D18+(Model!D17-Model!D18)*Discharge!E54 -> 23.769074 | G54: =Discharge!F54-Discharge!C54*Model!D16 -> 22.689074 | H54: =Discharge!G54-Discharge!G53 -> -0.035454924 | I54: =Model!L13-Model!D20*Discharge!B54 -> 22.02 | J54: =IF(Discharge!B54>Model!L12,"EMPTY",IF(Discharge!G54<=Model!D19,"LIMP","NOMINAL")) -> NOMINAL
B55: 47 | C55: =Model!D15 -> 9 | D55: =Discharge!C55*Discharge!B55/60 -> 7.05 | E55: =MAX(0,1-Discharge!B55/Model!L12) -> 0.50988782 | F55: =Model!D18+(Model!D17-Model!D18)*Discharge!E55 -> 23.733619 | G55: =Discharge!F55-Discharge!C55*Model!D16 -> 22.653619 | H55: =Discharge!G55-Discharge!G54 -> -0.035454924 | I55: =Model!L13-Model!D20*Discharge!B55 -> 21.97 | J55: =IF(Discharge!B55>Model!L12,"EMPTY",IF(Discharge!G55<=Model!D19,"LIMP","NOMINAL")) -> NOMINAL
B56: 48 | C56: =Model!D15 -> 9 | D56: =Discharge!C56*Discharge!B56/60 -> 7.2 | E56: =MAX(0,1-Discharge!B56/Model!L12) -> 0.4994599 | F56: =Model!D18+(Model!D17-Model!D18)*Discharge!E56 -> 23.698164 | G56: =Discharge!F56-Discharge!C56*Model!D16 -> 22.618164 | H56: =Discharge!G56-Discharge!G55 -> -0.035454924 | I56: =Model!L13-Model!D20*Discharge!B56 -> 21.92 | J56: =IF(Discharge!B56>Model!L12,"EMPTY",IF(Discharge!G56<=Model!D19,"LIMP","NOMINAL")) -> NOMINAL
B57: 49 | C57: =Model!D15 -> 9 | D57: =Discharge!C57*Discharge!B57/60 -> 7.35 | E57: =MAX(0,1-Discharge!B57/Model!L12) -> 0.48903198 | F57: =Model!D18+(Model!D17-Model!D18)*Discharge!E57 -> 23.662709 | G57: =Discharge!F57-Discharge!C57*Model!D16 -> 22.582709 | H57: =Discharge!G57-Discharge!G56 -> -0.035454924 | I57: =Model!L13-Model!D20*Discharge!B57 -> 21.87 | J57: =IF(Discharge!B57>Model!L12,"EMPTY",IF(Discharge!G57<=Model!D19,"LIMP","NOMINAL")) -> NOMINAL
B58: 50 | C58: =Model!D15 -> 9 | D58: =Discharge!C58*Discharge!B58/60 -> 7.5 | E58: =MAX(0,1-Discharge!B58/Model!L12) -> 0.47860406 | F58: =Model!D18+(Model!D17-Model!D18)*Discharge!E58 -> 23.627254 | G58: =Discharge!F58-Discharge!C58*Model!D16 -> 22.547254 | H58: =Discharge!G58-Discharge!G57 -> -0.035454924 | I58: =Model!L13-Model!D20*Discharge!B58 -> 21.82 | J58: =IF(Discharge!B58>Model!L12,"EMPTY",IF(Discharge!G58<=Model!D19,"LIMP","NOMINAL")) -> NOMINAL
B59: 51 | C59: =Model!D15 -> 9 | D59: =Discharge!C59*Discharge!B59/60 -> 7.65 | E59: =MAX(0,1-Discharge!B59/Model!L12) -> 0.46817614 | F59: =Model!D18+(Model!D17-Model!D18)*Discharge!E59 -> 23.591799 | G59: =Discharge!F59-Discharge!C59*Model!D16 -> 22.511799 | H59: =Discharge!G59-Discharge!G58 -> -0.035454924 | I59: =Model!L13-Model!D20*Discharge!B59 -> 21.77 | J59: =IF(Discharge!B59>Model!L12,"EMPTY",IF(Discharge!G59<=Model!D19,"LIMP","NOMINAL")) -> NOMINAL
B60: 52 | C60: =Model!D15 -> 9 | D60: =Discharge!C60*Discharge!B60/60 -> 7.8 | E60: =MAX(0,1-Discharge!B60/Model!L12) -> 0.45774822 | F60: =Model!D18+(Model!D17-Model!D18)*Discharge!E60 -> 23.556344 | G60: =Discharge!F60-Discharge!C60*Model!D16 -> 22.476344 | H60: =Discharge!G60-Discharge!G59 -> -0.035454924 | I60: =Model!L13-Model!D20*Discharge!B60 -> 21.72 | J60: =IF(Discharge!B60>Model!L12,"EMPTY",IF(Discharge!G60<=Model!D19,"LIMP","NOMINAL")) -> NOMINAL
B61: 53 | C61: =Model!D15 -> 9 | D61: =Discharge!C61*Discharge!B61/60 -> 7.95 | E61: =MAX(0,1-Discharge!B61/Model!L12) -> 0.4473203 | F61: =Model!D18+(Model!D17-Model!D18)*Discharge!E61 -> 23.520889 | G61: =Discharge!F61-Discharge!C61*Model!D16 -> 22.440889 | H61: =Discharge!G61-Discharge!G60 -> -0.035454924 | I61: =Model!L13-Model!D20*Discharge!B61 -> 21.67 | J61: =IF(Discharge!B61>Model!L12,"EMPTY",IF(Discharge!G61<=Model!D19,"LIMP","NOMINAL")) -> NOMINAL
B62: 54 | C62: =Model!D15 -> 9 | D62: =Discharge!C62*Discharge!B62/60 -> 8.1 | E62: =MAX(0,1-Discharge!B62/Model!L12) -> 0.43689239 | F62: =Model!D18+(Model!D17-Model!D18)*Discharge!E62 -> 23.485434 | G62: =Discharge!F62-Discharge!C62*Model!D16 -> 22.405434 | H62: =Discharge!G62-Discharge!G61 -> -0.035454924 | I62: =Model!L13-Model!D20*Discharge!B62 -> 21.62 | J62: =IF(Discharge!B62>Model!L12,"EMPTY",IF(Discharge!G62<=Model!D19,"LIMP","NOMINAL")) -> NOMINAL
B63: 55 | C63: =Model!D15 -> 9 | D63: =Discharge!C63*Discharge!B63/60 -> 8.25 | E63: =MAX(0,1-Discharge!B63/Model!L12) -> 0.42646447 | F63: =Model!D18+(Model!D17-Model!D18)*Discharge!E63 -> 23.449979 | G63: =Discharge!F63-Discharge!C63*Model!D16 -> 22.369979 | H63: =Discharge!G63-Discharge!G62 -> -0.035454924 | I63: =Model!L13-Model!D20*Discharge!B63 -> 21.57 | J63: =IF(Discharge!B63>Model!L12,"EMPTY",IF(Discharge!G63<=Model!D19,"LIMP","NOMINAL")) -> NOMINAL
B64: 56 | C64: =Model!D15 -> 9 | D64: =Discharge!C64*Discharge!B64/60 -> 8.4 | E64: =MAX(0,1-Discharge!B64/Model!L12) -> 0.41603655 | F64: =Model!D18+(Model!D17-Model!D18)*Discharge!E64 -> 23.414524 | G64: =Discharge!F64-Discharge!C64*Model!D16 -> 22.334524 | H64: =Discharge!G64-Discharge!G63 -> -0.035454924 | I64: =Model!L13-Model!D20*Discharge!B64 -> 21.52 | J64: =IF(Discharge!B64>Model!L12,"EMPTY",IF(Discharge!G64<=Model!D19,"LIMP","NOMINAL")) -> NOMINAL
B65: 57 | C65: =Model!D15 -> 9 | D65: =Discharge!C65*Discharge!B65/60 -> 8.55 | E65: =MAX(0,1-Discharge!B65/Model!L12) -> 0.40560863 | F65: =Model!D18+(Model!D17-Model!D18)*Discharge!E65 -> 23.379069 | G65: =Discharge!F65-Discharge!C65*Model!D16 -> 22.299069 | H65: =Discharge!G65-Discharge!G64 -> -0.035454924 | I65: =Model!L13-Model!D20*Discharge!B65 -> 21.47 | J65: =IF(Discharge!B65>Model!L12,"EMPTY",IF(Discharge!G65<=Model!D19,"LIMP","NOMINAL")) -> NOMINAL
B66: 58 | C66: =Model!D15 -> 9 | D66: =Discharge!C66*Discharge!B66/60 -> 8.7 | E66: =MAX(0,1-Discharge!B66/Model!L12) -> 0.39518071 | F66: =Model!D18+(Model!D17-Model!D18)*Discharge!E66 -> 23.343614 | G66: =Discharge!F66-Discharge!C66*Model!D16 -> 22.263614 | H66: =Discharge!G66-Discharge!G65 -> -0.035454924 | I66: =Model!L13-Model!D20*Discharge!B66 -> 21.42 | J66: =IF(Discharge!B66>Model!L12,"EMPTY",IF(Discharge!G66<=Model!D19,"LIMP","NOMINAL")) -> NOMINAL
B67: 59 | C67: =Model!D15 -> 9 | D67: =Discharge!C67*Discharge!B67/60 -> 8.85 | E67: =MAX(0,1-Discharge!B67/Model!L12) -> 0.38475279 | F67: =Model!D18+(Model!D17-Model!D18)*Discharge!E67 -> 23.308159 | G67: =Discharge!F67-Discharge!C67*Model!D16 -> 22.228159 | H67: =Discharge!G67-Discharge!G66 -> -0.035454924 | I67: =Model!L13-Model!D20*Discharge!B67 -> 21.37 | J67: =IF(Discharge!B67>Model!L12,"EMPTY",IF(Discharge!G67<=Model!D19,"LIMP","NOMINAL")) -> NOMINAL
B68: 60 | C68: =Model!D15 -> 9 | D68: =Discharge!C68*Discharge!B68/60 -> 9 | E68: =MAX(0,1-Discharge!B68/Model!L12) -> 0.37432487 | F68: =Model!D18+(Model!D17-Model!D18)*Discharge!E68 -> 23.272705 | G68: =Discharge!F68-Discharge!C68*Model!D16 -> 22.192705 | H68: =Discharge!G68-Discharge!G67 -> -0.035454924 | I68: =Model!L13-Model!D20*Discharge!B68 -> 21.32 | J68: =IF(Discharge!B68>Model!L12,"EMPTY",IF(Discharge!G68<=Model!D19,"LIMP","NOMINAL")) -> NOMINAL
B69: 61 | C69: =Model!D15 -> 9 | D69: =Discharge!C69*Discharge!B69/60 -> 9.15 | E69: =MAX(0,1-Discharge!B69/Model!L12) -> 0.36389695 | F69: =Model!D18+(Model!D17-Model!D18)*Discharge!E69 -> 23.23725 | G69: =Discharge!F69-Discharge!C69*Model!D16 -> 22.15725 | H69: =Discharge!G69-Discharge!G68 -> -0.035454924 | I69: =Model!L13-Model!D20*Discharge!B69 -> 21.27 | J69: =IF(Discharge!B69>Model!L12,"EMPTY",IF(Discharge!G69<=Model!D19,"LIMP","NOMINAL")) -> NOMINAL
B70: 62 | C70: =Model!D15 -> 9 | D70: =Discharge!C70*Discharge!B70/60 -> 9.3 | E70: =MAX(0,1-Discharge!B70/Model!L12) -> 0.35346904 | F70: =Model!D18+(Model!D17-Model!D18)*Discharge!E70 -> 23.201795 | G70: =Discharge!F70-Discharge!C70*Model!D16 -> 22.121795 | H70: =Discharge!G70-Discharge!G69 -> -0.035454924 | I70: =Model!L13-Model!D20*Discharge!B70 -> 21.22 | J70: =IF(Discharge!B70>Model!L12,"EMPTY",IF(Discharge!G70<=Model!D19,"LIMP","NOMINAL")) -> NOMINAL
B71: 63 | C71: =Model!D15 -> 9 | D71: =Discharge!C71*Discharge!B71/60 -> 9.45 | E71: =MAX(0,1-Discharge!B71/Model!L12) -> 0.34304112 | F71: =Model!D18+(Model!D17-Model!D18)*Discharge!E71 -> 23.16634 | G71: =Discharge!F71-Discharge!C71*Model!D16 -> 22.08634 | H71: =Discharge!G71-Discharge!G70 -> -0.035454924 | I71: =Model!L13-Model!D20*Discharge!B71 -> 21.17 | J71: =IF(Discharge!B71>Model!L12,"EMPTY",IF(Discharge!G71<=Model!D19,"LIMP","NOMINAL")) -> NOMINAL
B72: 64 | C72: =Model!D15 -> 9 | D72: =Discharge!C72*Discharge!B72/60 -> 9.6 | E72: =MAX(0,1-Discharge!B72/Model!L12) -> 0.3326132 | F72: =Model!D18+(Model!D17-Model!D18)*Discharge!E72 -> 23.130885 | G72: =Discharge!F72-Discharge!C72*Model!D16 -> 22.050885 | H72: =Discharge!G72-Discharge!G71 -> -0.035454924 | I72: =Model!L13-Model!D20*Discharge!B72 -> 21.12 | J72: =IF(Discharge!B72>Model!L12,"EMPTY",IF(Discharge!G72<=Model!D19,"LIMP","NOMINAL")) -> NOMINAL
B73: 65 | C73: =Model!D15 -> 9 | D73: =Discharge!C73*Discharge!B73/60 -> 9.75 | E73: =MAX(0,1-Discharge!B73/Model!L12) -> 0.32218528 | F73: =Model!D18+(Model!D17-Model!D18)*Discharge!E73 -> 23.09543 | G73: =Discharge!F73-Discharge!C73*Model!D16 -> 22.01543 | H73: =Discharge!G73-Discharge!G72 -> -0.035454924 | I73: =Model!L13-Model!D20*Discharge!B73 -> 21.07 | J73: =IF(Discharge!B73>Model!L12,"EMPTY",IF(Discharge!G73<=Model!D19,"LIMP","NOMINAL")) -> NOMINAL
B74: 66 | C74: =Model!D15 -> 9 | D74: =Discharge!C74*Discharge!B74/60 -> 9.9 | E74: =MAX(0,1-Discharge!B74/Model!L12) -> 0.31175736 | F74: =Model!D18+(Model!D17-Model!D18)*Discharge!E74 -> 23.059975 | G74: =Discharge!F74-Discharge!C74*Model!D16 -> 21.979975 | H74: =Discharge!G74-Discharge!G73 -> -0.035454924 | I74: =Model!L13-Model!D20*Discharge!B74 -> 21.02 | J74: =IF(Discharge!B74>Model!L12,"EMPTY",IF(Discharge!G74<=Model!D19,"LIMP","NOMINAL")) -> NOMINAL
B75: 67 | C75: =Model!D15 -> 9 | D75: =Discharge!C75*Discharge!B75/60 -> 10.05 | E75: =MAX(0,1-Discharge!B75/Model!L12) -> 0.30132944 | F75: =Model!D18+(Model!D17-Model!D18)*Discharge!E75 -> 23.02452 | G75: =Discharge!F75-Discharge!C75*Model!D16 -> 21.94452 | H75: =Discharge!G75-Discharge!G74 -> -0.035454924 | I75: =Model!L13-Model!D20*Discharge!B75 -> 20.97 | J75: =IF(Discharge!B75>Model!L12,"EMPTY",IF(Discharge!G75<=Model!D19,"LIMP","NOMINAL")) -> NOMINAL
B76: 68 | C76: =Model!D15 -> 9 | D76: =Discharge!C76*Discharge!B76/60 -> 10.2 | E76: =MAX(0,1-Discharge!B76/Model!L12) -> 0.29090152 | F76: =Model!D18+(Model!D17-Model!D18)*Discharge!E76 -> 22.989065 | G76: =Discharge!F76-Discharge!C76*Model!D16 -> 21.909065 | H76: =Discharge!G76-Discharge!G75 -> -0.035454924 | I76: =Model!L13-Model!D20*Discharge!B76 -> 20.92 | J76: =IF(Discharge!B76>Model!L12,"EMPTY",IF(Discharge!G76<=Model!D19,"LIMP","NOMINAL")) -> NOMINAL
B77: 69 | C77: =Model!D15 -> 9 | D77: =Discharge!C77*Discharge!B77/60 -> 10.35 | E77: =MAX(0,1-Discharge!B77/Model!L12) -> 0.2804736 | F77: =Model!D18+(Model!D17-Model!D18)*Discharge!E77 -> 22.95361 | G77: =Discharge!F77-Discharge!C77*Model!D16 -> 21.87361 | H77: =Discharge!G77-Discharge!G76 -> -0.035454924 | I77: =Model!L13-Model!D20*Discharge!B77 -> 20.87 | J77: =IF(Discharge!B77>Model!L12,"EMPTY",IF(Discharge!G77<=Model!D19,"LIMP","NOMINAL")) -> NOMINAL
B78: 70 | C78: =Model!D15 -> 9 | D78: =Discharge!C78*Discharge!B78/60 -> 10.5 | E78: =MAX(0,1-Discharge!B78/Model!L12) -> 0.27004569 | F78: =Model!D18+(Model!D17-Model!D18)*Discharge!E78 -> 22.918155 | G78: =Discharge!F78-Discharge!C78*Model!D16 -> 21.838155 | H78: =Discharge!G78-Discharge!G77 -> -0.035454924 | I78: =Model!L13-Model!D20*Discharge!B78 -> 20.82 | J78: =IF(Discharge!B78>Model!L12,"EMPTY",IF(Discharge!G78<=Model!D19,"LIMP","NOMINAL")) -> NOMINAL
B79: 71 | C79: =Model!D15 -> 9 | D79: =Discharge!C79*Discharge!B79/60 -> 10.65 | E79: =MAX(0,1-Discharge!B79/Model!L12) -> 0.25961777 | F79: =Model!D18+(Model!D17-Model!D18)*Discharge!E79 -> 22.8827 | G79: =Discharge!F79-Discharge!C79*Model!D16 -> 21.8027 | H79: =Discharge!G79-Discharge!G78 -> -0.035454924 | I79: =Model!L13-Model!D20*Discharge!B79 -> 20.77 | J79: =IF(Discharge!B79>Model!L12,"EMPTY",IF(Discharge!G79<=Model!D19,"LIMP","NOMINAL")) -> NOMINAL
B80: 72 | C80: =Model!D15 -> 9 | D80: =Discharge!C80*Discharge!B80/60 -> 10.8 | E80: =MAX(0,1-Discharge!B80/Model!L12) -> 0.24918985 | F80: =Model!D18+(Model!D17-Model!D18)*Discharge!E80 -> 22.847245 | G80: =Discharge!F80-Discharge!C80*Model!D16 -> 21.767245 | H80: =Discharge!G80-Discharge!G79 -> -0.035454924 | I80: =Model!L13-Model!D20*Discharge!B80 -> 20.72 | J80: =IF(Discharge!B80>Model!L12,"EMPTY",IF(Discharge!G80<=Model!D19,"LIMP","NOMINAL")) -> NOMINAL
B81: 73 | C81: =Model!D15 -> 9 | D81: =Discharge!C81*Discharge!B81/60 -> 10.95 | E81: =MAX(0,1-Discharge!B81/Model!L12) -> 0.23876193 | F81: =Model!D18+(Model!D17-Model!D18)*Discharge!E81 -> 22.811791 | G81: =Discharge!F81-Discharge!C81*Model!D16 -> 21.731791 | H81: =Discharge!G81-Discharge!G80 -> -0.035454924 | I81: =Model!L13-Model!D20*Discharge!B81 -> 20.67 | J81: =IF(Discharge!B81>Model!L12,"EMPTY",IF(Discharge!G81<=Model!D19,"LIMP","NOMINAL")) -> NOMINAL
B82: 74 | C82: =Model!D15 -> 9 | D82: =Discharge!C82*Discharge!B82/60 -> 11.1 | E82: =MAX(0,1-Discharge!B82/Model!L12) -> 0.22833401 | F82: =Model!D18+(Model!D17-Model!D18)*Discharge!E82 -> 22.776336 | G82: =Discharge!F82-Discharge!C82*Model!D16 -> 21.696336 | H82: =Discharge!G82-Discharge!G81 -> -0.035454924 | I82: =Model!L13-Model!D20*Discharge!B82 -> 20.62 | J82: =IF(Discharge!B82>Model!L12,"EMPTY",IF(Discharge!G82<=Model!D19,"LIMP","NOMINAL")) -> NOMINAL
B83: 75 | C83: =Model!D15 -> 9 | D83: =Discharge!C83*Discharge!B83/60 -> 11.25 | E83: =MAX(0,1-Discharge!B83/Model!L12) -> 0.21790609 | F83: =Model!D18+(Model!D17-Model!D18)*Discharge!E83 -> 22.740881 | G83: =Discharge!F83-Discharge!C83*Model!D16 -> 21.660881 | H83: =Discharge!G83-Discharge!G82 -> -0.035454924 | I83: =Model!L13-Model!D20*Discharge!B83 -> 20.57 | J83: =IF(Discharge!B83>Model!L12,"EMPTY",IF(Discharge!G83<=Model!D19,"LIMP","NOMINAL")) -> NOMINAL
B84: 76 | C84: =Model!D15 -> 9 | D84: =Discharge!C84*Discharge!B84/60 -> 11.4 | E84: =MAX(0,1-Discharge!B84/Model!L12) -> 0.20747817 | F84: =Model!D18+(Model!D17-Model!D18)*Discharge!E84 -> 22.705426 | G84: =Discharge!F84-Discharge!C84*Model!D16 -> 21.625426 | H84: =Discharge!G84-Discharge!G83 -> -0.035454924 | I84: =Model!L13-Model!D20*Discharge!B84 -> 20.52 | J84: =IF(Discharge!B84>Model!L12,"EMPTY",IF(Discharge!G84<=Model!D19,"LIMP","NOMINAL")) -> NOMINAL
B85: 77 | C85: =Model!D15 -> 9 | D85: =Discharge!C85*Discharge!B85/60 -> 11.55 | E85: =MAX(0,1-Discharge!B85/Model!L12) -> 0.19705025 | F85: =Model!D18+(Model!D17-Model!D18)*Discharge!E85 -> 22.669971 | G85: =Discharge!F85-Discharge!C85*Model!D16 -> 21.589971 | H85: =Discharge!G85-Discharge!G84 -> -0.035454924 | I85: =Model!L13-Model!D20*Discharge!B85 -> 20.47 | J85: =IF(Discharge!B85>Model!L12,"EMPTY",IF(Discharge!G85<=Model!D19,"LIMP","NOMINAL")) -> NOMINAL
B86: 78 | C86: =Model!D15 -> 9 | D86: =Discharge!C86*Discharge!B86/60 -> 11.7 | E86: =MAX(0,1-Discharge!B86/Model!L12) -> 0.18662234 | F86: =Model!D18+(Model!D17-Model!D18)*Discharge!E86 -> 22.634516 | G86: =Discharge!F86-Discharge!C86*Model!D16 -> 21.554516 | H86: =Discharge!G86-Discharge!G85 -> -0.035454924 | I86: =Model!L13-Model!D20*Discharge!B86 -> 20.42 | J86: =IF(Discharge!B86>Model!L12,"EMPTY",IF(Discharge!G86<=Model!D19,"LIMP","NOMINAL")) -> NOMINAL
B87: 79 | C87: =Model!D15 -> 9 | D87: =Discharge!C87*Discharge!B87/60 -> 11.85 | E87: =MAX(0,1-Discharge!B87/Model!L12) -> 0.17619442 | F87: =Model!D18+(Model!D17-Model!D18)*Discharge!E87 -> 22.599061 | G87: =Discharge!F87-Discharge!C87*Model!D16 -> 21.519061 | H87: =Discharge!G87-Discharge!G86 -> -0.035454924 | I87: =Model!L13-Model!D20*Discharge!B87 -> 20.37 | J87: =IF(Discharge!B87>Model!L12,"EMPTY",IF(Discharge!G87<=Model!D19,"LIMP","NOMINAL")) -> NOMINAL
B88: 80 | C88: =Model!D15 -> 9 | D88: =Discharge!C88*Discharge!B88/60 -> 12 | E88: =MAX(0,1-Discharge!B88/Model!L12) -> 0.1657665 | F88: =Model!D18+(Model!D17-Model!D18)*Discharge!E88 -> 22.563606 | G88: =Discharge!F88-Discharge!C88*Model!D16 -> 21.483606 | H88: =Discharge!G88-Discharge!G87 -> -0.035454924 | I88: =Model!L13-Model!D20*Discharge!B88 -> 20.32 | J88: =IF(Discharge!B88>Model!L12,"EMPTY",IF(Discharge!G88<=Model!D19,"LIMP","NOMINAL")) -> NOMINAL
B89: 81 | C89: =Model!D15 -> 9 | D89: =Discharge!C89*Discharge!B89/60 -> 12.15 | E89: =MAX(0,1-Discharge!B89/Model!L12) -> 0.15533858 | F89: =Model!D18+(Model!D17-Model!D18)*Discharge!E89 -> 22.528151 | G89: =Discharge!F89-Discharge!C89*Model!D16 -> 21.448151 | H89: =Discharge!G89-Discharge!G88 -> -0.035454924 | I89: =Model!L13-Model!D20*Discharge!B89 -> 20.27 | J89: =IF(Discharge!B89>Model!L12,"EMPTY",IF(Discharge!G89<=Model!D19,"LIMP","NOMINAL")) -> NOMINAL
B90: 82 | C90: =Model!D15 -> 9 | D90: =Discharge!C90*Discharge!B90/60 -> 12.3 | E90: =MAX(0,1-Discharge!B90/Model!L12) -> 0.14491066 | F90: =Model!D18+(Model!D17-Model!D18)*Discharge!E90 -> 22.492696 | G90: =Discharge!F90-Discharge!C90*Model!D16 -> 21.412696 | H90: =Discharge!G90-Discharge!G89 -> -0.035454924 | I90: =Model!L13-Model!D20*Discharge!B90 -> 20.22 | J90: =IF(Discharge!B90>Model!L12,"EMPTY",IF(Discharge!G90<=Model!D19,"LIMP","NOMINAL")) -> NOMINAL
B91: 83 | C91: =Model!D15 -> 9 | D91: =Discharge!C91*Discharge!B91/60 -> 12.45 | E91: =MAX(0,1-Discharge!B91/Model!L12) -> 0.13448274 | F91: =Model!D18+(Model!D17-Model!D18)*Discharge!E91 -> 22.457241 | G91: =Discharge!F91-Discharge!C91*Model!D16 -> 21.377241 | H91: =Discharge!G91-Discharge!G90 -> -0.035454924 | I91: =Model!L13-Model!D20*Discharge!B91 -> 20.17 | J91: =IF(Discharge!B91>Model!L12,"EMPTY",IF(Discharge!G91<=Model!D19,"LIMP","NOMINAL")) -> NOMINAL
B92: 84 | C92: =Model!D15 -> 9 | D92: =Discharge!C92*Discharge!B92/60 -> 12.6 | E92: =MAX(0,1-Discharge!B92/Model!L12) -> 0.12405482 | F92: =Model!D18+(Model!D17-Model!D18)*Discharge!E92 -> 22.421786 | G92: =Discharge!F92-Discharge!C92*Model!D16 -> 21.341786 | H92: =Discharge!G92-Discharge!G91 -> -0.035454924 | I92: =Model!L13-Model!D20*Discharge!B92 -> 20.12 | J92: =IF(Discharge!B92>Model!L12,"EMPTY",IF(Discharge!G92<=Model!D19,"LIMP","NOMINAL")) -> NOMINAL
B93: 85 | C93: =Model!D15 -> 9 | D93: =Discharge!C93*Discharge!B93/60 -> 12.75 | E93: =MAX(0,1-Discharge!B93/Model!L12) -> 0.1136269 | F93: =Model!D18+(Model!D17-Model!D18)*Discharge!E93 -> 22.386331 | G93: =Discharge!F93-Discharge!C93*Model!D16 -> 21.306331 | H93: =Discharge!G93-Discharge!G92 -> -0.035454924 | I93: =Model!L13-Model!D20*Discharge!B93 -> 20.07 | J93: =IF(Discharge!B93>Model!L12,"EMPTY",IF(Discharge!G93<=Model!D19,"LIMP","NOMINAL")) -> NOMINAL
B94: 86 | C94: =Model!D15 -> 9 | D94: =Discharge!C94*Discharge!B94/60 -> 12.9 | E94: =MAX(0,1-Discharge!B94/Model!L12) -> 0.10319899 | F94: =Model!D18+(Model!D17-Model!D18)*Discharge!E94 -> 22.350877 | G94: =Discharge!F94-Discharge!C94*Model!D16 -> 21.270877 | H94: =Discharge!G94-Discharge!G93 -> -0.035454924 | I94: =Model!L13-Model!D20*Discharge!B94 -> 20.02 | J94: =IF(Discharge!B94>Model!L12,"EMPTY",IF(Discharge!G94<=Model!D19,"LIMP","NOMINAL")) -> NOMINAL
B95: 87 | C95: =Model!D15 -> 9 | D95: =Discharge!C95*Discharge!B95/60 -> 13.05 | E95: =MAX(0,1-Discharge!B95/Model!L12) -> 0.092771066 | F95: =Model!D18+(Model!D17-Model!D18)*Discharge!E95 -> 22.315422 | G95: =Discharge!F95-Discharge!C95*Model!D16 -> 21.235422 | H95: =Discharge!G95-Discharge!G94 -> -0.035454924 | I95: =Model!L13-Model!D20*Discharge!B95 -> 19.97 | J95: =IF(Discharge!B95>Model!L12,"EMPTY",IF(Discharge!G95<=Model!D19,"LIMP","NOMINAL")) -> NOMINAL
B96: 88 | C96: =Model!D15 -> 9 | D96: =Discharge!C96*Discharge!B96/60 -> 13.2 | E96: =MAX(0,1-Discharge!B96/Model!L12) -> 0.082343148 | F96: =Model!D18+(Model!D17-Model!D18)*Discharge!E96 -> 22.279967 | G96: =Discharge!F96-Discharge!C96*Model!D16 -> 21.199967 | H96: =Discharge!G96-Discharge!G95 -> -0.035454924 | I96: =Model!L13-Model!D20*Discharge!B96 -> 19.92 | J96: =IF(Discharge!B96>Model!L12,"EMPTY",IF(Discharge!G96<=Model!D19,"LIMP","NOMINAL")) -> NOMINAL
B97: 89 | C97: =Model!D15 -> 9 | D97: =Discharge!C97*Discharge!B97/60 -> 13.35 | E97: =MAX(0,1-Discharge!B97/Model!L12) -> 0.071915229 | F97: =Model!D18+(Model!D17-Model!D18)*Discharge!E97 -> 22.244512 | G97: =Discharge!F97-Discharge!C97*Model!D16 -> 21.164512 | H97: =Discharge!G97-Discharge!G96 -> -0.035454924 | I97: =Model!L13-Model!D20*Discharge!B97 -> 19.87 | J97: =IF(Discharge!B97>Model!L12,"EMPTY",IF(Discharge!G97<=Model!D19,"LIMP","NOMINAL")) -> NOMINAL
B98: 90 | C98: =Model!D15 -> 9 | D98: =Discharge!C98*Discharge!B98/60 -> 13.5 | E98: =MAX(0,1-Discharge!B98/Model!L12) -> 0.06148731 | F98: =Model!D18+(Model!D17-Model!D18)*Discharge!E98 -> 22.209057 | G98: =Discharge!F98-Discharge!C98*Model!D16 -> 21.129057 | H98: =Discharge!G98-Discharge!G97 -> -0.035454924 | I98: =Model!L13-Model!D20*Discharge!B98 -> 19.82 | J98: =IF(Discharge!B98>Model!L12,"EMPTY",IF(Discharge!G98<=Model!D19,"LIMP","NOMINAL")) -> NOMINAL
B99: 91 | C99: =Model!D15 -> 9 | D99: =Discharge!C99*Discharge!B99/60 -> 13.65 | E99: =MAX(0,1-Discharge!B99/Model!L12) -> 0.051059391 | F99: =Model!D18+(Model!D17-Model!D18)*Discharge!E99 -> 22.173602 | G99: =Discharge!F99-Discharge!C99*Model!D16 -> 21.093602 | H99: =Discharge!G99-Discharge!G98 -> -0.035454924 | I99: =Model!L13-Model!D20*Discharge!B99 -> 19.77 | J99: =IF(Discharge!B99>Model!L12,"EMPTY",IF(Discharge!G99<=Model!D19,"LIMP","NOMINAL")) -> NOMINAL
B100: 92 | C100: =Model!D15 -> 9 | D100: =Discharge!C100*Discharge!B100/60 -> 13.8 | E100: =MAX(0,1-Discharge!B100/Model!L12) -> 0.040631472 | F100: =Model!D18+(Model!D17-Model!D18)*Discharge!E100 -> 22.138147 | G100: =Discharge!F100-Discharge!C100*Model!D16 -> 21.058147 | H100: =Discharge!G100-Discharge!G99 -> -0.035454924 | I100: =Model!L13-Model!D20*Discharge!B100 -> 19.72 | J100: =IF(Discharge!B100>Model!L12,"EMPTY",IF(Discharge!G100<=Model!D19,"LIMP","NOMINAL")) -> NOMINAL
B101: 93 | C101: =Model!D15 -> 9 | D101: =Discharge!C101*Discharge!B101/60 -> 13.95 | E101: =MAX(0,1-Discharge!B101/Model!L12) -> 0.030203554 | F101: =Model!D18+(Model!D17-Model!D18)*Discharge!E101 -> 22.102692 | G101: =Discharge!F101-Discharge!C101*Model!D16 -> 21.022692 | H101: =Discharge!G101-Discharge!G100 -> -0.035454924 | I101: =Model!L13-Model!D20*Discharge!B101 -> 19.67 | J101: =IF(Discharge!B101>Model!L12,"EMPTY",IF(Discharge!G101<=Model!D19,"LIMP","NOMINAL")) -> NOMINAL
B102: 94 | C102: =Model!D15 -> 9 | D102: =Discharge!C102*Discharge!B102/60 -> 14.1 | E102: =MAX(0,1-Discharge!B102/Model!L12) -> 0.019775635 | F102: =Model!D18+(Model!D17-Model!D18)*Discharge!E102 -> 22.067237 | G102: =Discharge!F102-Discharge!C102*Model!D16 -> 20.987237 | H102: =Discharge!G102-Discharge!G101 -> -0.035454924 | I102: =Model!L13-Model!D20*Discharge!B102 -> 19.62 | J102: =IF(Discharge!B102>Model!L12,"EMPTY",IF(Discharge!G102<=Model!D19,"LIMP","NOMINAL")) -> LIMP
B103: 95 | C103: =Model!D15 -> 9 | D103: =Discharge!C103*Discharge!B103/60 -> 14.25 | E103: =MAX(0,1-Discharge!B103/Model!L12) -> 0.0093477161 | F103: =Model!D18+(Model!D17-Model!D18)*Discharge!E103 -> 22.031782 | G103: =Discharge!F103-Discharge!C103*Model!D16 -> 20.951782 | H103: =Discharge!G103-Discharge!G102 -> -0.035454924 | I103: =Model!L13-Model!D20*Discharge!B103 -> 19.57 | J103: =IF(Discharge!B103>Model!L12,"EMPTY",IF(Discharge!G103<=Model!D19,"LIMP","NOMINAL")) -> LIMP
B104: 96 | C104: =Model!D15 -> 9 | D104: =Discharge!C104*Discharge!B104/60 -> 14.4 | E104: =MAX(0,1-Discharge!B104/Model!L12) -> 0 | F104: =Model!D18+(Model!D17-Model!D18)*Discharge!E104 -> 22 | G104: =Discharge!F104-Discharge!C104*Model!D16 -> 20.92 | H104: =Discharge!G104-Discharge!G103 -> -0.031782235 | I104: =Model!L13-Model!D20*Discharge!B104 -> 19.52 | J104: =IF(Discharge!B104>Model!L12,"EMPTY",IF(Discharge!G104<=Model!D19,"LIMP","NOMINAL")) -> EMPTY
...
